<?xml version="1.0" encoding="UTF-8"?>
<!DOCTYPE mapper PUBLIC "-//mybatis.org//DTD Mapper 3.0//EN" "http://mybatis.org/dtd/mybatis-3-mapper.dtd">
<mapper namespace="com.example.demo.dao.book.BookDao">
	<select id="find5Recent" resultType="com.example.demo.dto.book.BookDto$Recent">
SELECT 
        bno, book_title, CONCAT('/category/', book_image) as book_image, author_name, publisher_name, book_price,
        (SELECT point_rate FROM member_grade WHERE grade_code = #{gradeCode}) as point_rate,
        (book_price * (SELECT point_rate FROM member_grade WHERE grade_code = #{gradeCode})) as point_earnings
FROM (
        SELECT ROWNUM AS rnum, b.*
        FROM (
            SELECT /*+ index_desc(book, book_pk_bno) */ 
                book.*, category.category_parent, category.category_name
            FROM book
            INNER JOIN category ON book.category_code = category.category_code 
            WHERE category.category_parent = #{categoryParent}
            ORDER BY book.bno DESC
        ) b
        WHERE ROWNUM &lt;= 5
    ) 
LEFT JOIN member m ON m.member_id = 
    <choose>
    	<when test="memberId != null"> #{memberId} </when>
    	<otherwise> '0' </otherwise>
	</choose>
	</select>
	
</mapper>


