<?xml version="1.0" encoding="UTF-8"?>
<!DOCTYPE mapper PUBLIC "-//mybatis.org//DTD Mapper 3.0//EN" "http://mybatis.org/dtd/mybatis-3-mapper.dtd">
<mapper namespace="com.example.demo.dao.book.BookDao">
	<!-- 도서 종류별로 5개 목록 출력 -->
	<select id="find5Recent" resultType="com.example.demo.dto.book.BookDto$Recent">
	SELECT 
	        bno, book_title, CONCAT('/category/', book_image) as book_image, author_name, publisher_name, book_price,
	        (SELECT point_rate FROM member_grade WHERE grade_code = #{gradeCode}) as point_rate,
	        (book_price * (SELECT point_rate FROM member_grade WHERE grade_code = #{gradeCode})) as point_earnings
	FROM (
	        SELECT ROWNUM AS rnum, b.*
	        FROM (
	            SELECT /*+ index_desc(book, book_pk_bno) */ 
	                book.*, category.category_parent, category.category_name
	            FROM book
	            INNER JOIN category ON book.category_code = category.category_code 
	            WHERE category.category_parent = #{categoryParent}
	            ORDER BY book.bno DESC
	        ) b
	        WHERE ROWNUM &lt;= 5
	    ) 
	LEFT JOIN member m ON m.member_id = 
    <choose>
    	<when test="memberId != null"> #{memberId} </when>
    	<otherwise> '0' </otherwise>
	</choose>
	</select>
	
	<!-- 책 정보 읽기 -->
	<select id="findByBook" resultType="Book">
	SELECT 
	       bno, category_code, book_title, CONCAT('/category/', book_image) as book_image, book_intro, book_content, publish_date,
	       author_name, publisher_name, stock, book_price, translator, (SELECT point_rate FROM member_grade WHERE grade_code = #{gradeCode}) as point_rate,
	       (book_price * (SELECT point_rate FROM member_grade WHERE grade_code = #{gradeCode})) as point_earnings
	FROM book
	LEFT JOIN member on member.member_id=#{memberId} where bno=#{bno}
	</select>
	
	<!-- 작가의 다른 작품 읽어오기 -->
	<select id="findOtherBooksByAuthor" resultType="Book">
	SELECT 
	        bno, book_title, CONCAT('/category/', book_image) as book_image, author_name
	FROM (
	        SELECT 
	        	ROWNUM AS rnum, b.*
	        FROM (
	            SELECT 
	            	/*+ index_desc(book, book_pk_bno) */ book.*
	            FROM book
	            ORDER BY book.bno DESC
	        ) b
	WHERE author_name=#{authorName} and ROWNUM &lt;= 8)
	</select>
	
	<!-- 작품 카테고리 부모별로 페이징해서 가지고 오기-->
	<select id="findBookByCategoryParent" resultType="com.example.demo.dto.book.BookDto$CategoryParentList">
	select 
	         bno, book_title, CONCAT('/category/', book_image) as book_image, author_name, publisher_name, book_price, publish_date, book_intro,
	        (SELECT point_rate FROM member_grade WHERE grade_code = #{gradeCode}) as point_rate,
	        (book_price * (SELECT point_rate FROM member_grade WHERE grade_code = #{gradeCode})) as point_earnings 
	from 
			(
			select rownum as rnum, b.* from
				(select /*+ index_desc(book book_pk_bno)*/ * from book
	            INNER JOIN category ON book.category_code = category.category_code
	            where category.category_parent = #{categoryParent}
	            ) b
			where rownum&lt;=#{endRownum}
		)
	LEFT JOIN member m ON m.member_id = 
	    <choose>
	    	<when test="memberId != null"> #{memberId} </when>
	    	<otherwise> '0' </otherwise>
		</choose>
	where rnum>=#{startRownum}
	</select>
	
	<!-- 작품 카테고리별로 페이징해서 가지고오기 -->
	<select id="findBookByCategoryCode" resultType="com.example.demo.dto.book.BookDto$CategoryCodeList">
	select 
	         bno, book_title, CONCAT('/category/', book_image) as book_image, author_name, publisher_name, book_price, publish_date, book_intro, category_parent,
	        (SELECT point_rate FROM member_grade WHERE grade_code = #{gradeCode}) as point_rate,
	        (book_price * (SELECT point_rate FROM member_grade WHERE grade_code = #{gradeCode})) as point_earnings 
	from 
			(
			select rownum as rnum, b.* from
				(select /*+ index_desc(book book_pk_bno)*/ * from book
	            INNER JOIN category ON book.category_code = category.category_code
	            where category.category_parent = #{categoryParent} and category.category_code = #{categoryCode}
	            ) b
			where rownum&lt;=#{endRownum}
		)
	LEFT JOIN member m ON m.member_id = 
	    <choose>
	    	<when test="memberId != null"> #{memberId} </when>
	    	<otherwise> '0' </otherwise>
		</choose>
	where rnum>=#{startRownum}
	</select>
</mapper>


